{
    "id": 178,
    "title": 178,
    "key": "o_178",
    "bool": [
        0,
        0,
        0,
        0
    ],
    "num": [
        0,
        0,
        0,
        0,
        0,
        0
    ],
    "str": [
        "0",
        "0",
        "0",
        "0",
        "0",
        "0"
    ],
    "orig": "L9603H.png",
    "mod": {
        "key": "gltf",
        "name": "akesyar_tel.gltf",
        "r": [
            1.58,
            -1.76,
            6.1,
            37.89,
            1.8472518289385351,
            2.000000738306834
        ],
        "r1": [
            -1.299999922,
            -0.0000011920929154484756,
            -1.0000004168371304,
            2.599999939367426,
            1.8472518289385351,
            2.000000738306834
        ]
    },
    "plus": [
        "данные",
        "данные",
        "данные",
        "1100",
        "xz"
    ],
    "plus1": [
        "данные",
        "данные",
        "данные",
        "1200",
        "xz"
    ],
    "priority": 0,
    "bagY": 0,
    "resurs": {
        "array": []
    },
    "param": {
        "tOt": false,
        "tNa": false,
        "rO": -1,
        "kesh": false,
        "sG": false,
        "clone": true
    }
}