{
    "id": 15,
    "title": 15,
    "key": "o_15",
    "bool": [
        0,
        0,
        0,
        0
    ],
    "num": [
        0,
        0,
        0,
        0
    ],
    "str": [
        "0",
        "0",
        "0",
        "0",
        "0",
        "0"
    ],
    "orig": "1m.png",
    "mod": {
        "key": "gltf",
        "name": "L9111WH.gltf",
        "r": [
            -1.2627207040786743,
            -0.00000858922432934947,
            -60.790870666503906,
            2.5254414081573486,
            2.3237876953644747,
            121.58174133300781
        ],
        "r1": [
            -1.2627207040786743,
            -0.00000858922432934947,
            -60.790870666503906,
            2.5254414081573486,
            2.3237876953644747,
            121.58174133300781
        ]
    },
    "plus": [
        "данные",
        "данные",
        "данные",
        "1000",
        "1000"
    ],
    "plus1": [
        "данные",
        "данные",
        "данные",
        "1000",
        "xz"
    ],
    "priority": 0,
    "param": {
        "tOt": false,
        "tNa": false,
        "rO": -1,
        "kesh": false,
        "sG": false,
        "clone": true
    },
    "bagY": 0,
    "resurs": {
        "array": []
    }
}