{
    "id": 30,
    "title": 30,
    "key": "o_30",
    "bool": [
        0,
        0,
        0,
        0
    ],
    "num": [
        0,
        0,
        0,
        0,
        -5,
        0
    ],
    "str": [
        "BPieceObject",
        "37",
        "32",
        "32",
        "-1.5,7.9,6,5.8,3.23,1,0.5,|244|1",
        "{|type|:|polka1|,|id|:247,|kol|:1}"
    ],
    "orig": "900х300.png",
    "mod": {
        "key": "gltf",
        "name": "L9993WH_m.gltf",
        "r": [
            -45,
            4,
            -0.2,
            90,
            30.574704924089158,
            1.4841009693109077
        ],
        "r1": [
            -45,
            -0.00001666365795933832,
            -0.7420504126674518,
            90,
            30.574704924089158,
            1.4841009693109077
        ]
    },
    "plus": [
        "L9993WH",
        "Сеточная полка ",
        "903×306 мм",
        "640",
        "белая"
    ],
    "plus1": [
        "L9993GA",
        "Сеточная полка ",
        "903×306 мм",
        "640",
        "серая"
    ],
    "priority": 85,
    "resurs": {
        "array": [
            {
                "name": "L9993WH.png",
                "size": 8512,
                "b": false,
                "i": "icon",
                "i1": "x"
            }
        ]
    },
    "bagY": 0,
    "param": {
        "tOt": false,
        "tNa": false,
        "rO": -1,
        "kesh": false,
        "sG": false,
        "clone": true
    },
    "shadow": {
        "wh": 111,
        "wh2": 128,
        "otKrai": 10,
        "alpha": 0.25
    }
}