{
    "id": 93,
    "title": 93,
    "key": "o_93",
    "bool": [
        0,
        0,
        0,
        0
    ],
    "num": [
        0,
        0,
        0,
        0,
        "0",
        "0"
    ],
    "str": [
        "BTVstavka",
        "0",
        "0",
        "0",
        "0",
        "0"
    ],
    "orig": "korz-stell_melk-85.png",
    "mod": {
        "key": "gltf",
        "name": "L9559WH_vert.gltf",
        "r": [
            -20.45587911132622,
            -0.1379981394830416,
            -4.181276511810762,
            41.042340810819624,
            53.63349735664091,
            8.36258727795974
        ],
        "r1": [
            -20.45587911132622,
            -0.1379981394830416,
            -4.181276511810762,
            41.042340810819624,
            53.63349735664091,
            8.36258727795974
        ]
    },
    "plus": [
        "L9559WH(N)",
        "Мелкосет. корзина",
        "555×410×85 мм",
        "690",
        "белая"
    ],
    "plus1": [
        "L9559GA(N)",
        "Мелкосет. корзина",
        "555×410×85 мм",
        "690",
        "серая"
    ],
    "priority": 80,
    "resurs": {
        "array": [
            {
                "name": "L9559WH-(N).png",
                "size": 13590,
                "b": false,
                "i": "icon",
                "i1": "x"
            }
        ]
    },
    "bagY": 7.93,
    "param": {
        "tOt": false,
        "tNa": false,
        "rO": -1,
        "kesh": false,
        "sG": false,
        "clone": true
    },
    "shadow": {
        "wh": 61,
        "wh2": 64,
        "otKrai": 10,
        "alpha": 0.25
    }
}