{
    "id": 61,
    "title": 61,
    "key": "o_61",
    "bool": [
        0,
        0,
        1,
        0
    ],
    "num": [
        0,
        0,
        0,
        0,
        0,
        0
    ],
    "str": [
        "BPieceObject",
        "0",
        "32",
        "32",
        "0",
        "0"
    ],
    "orig": "st_600х300.png",
    "mod": {
        "key": "glb",
        "name": "stalnaya_m.glb",
        "r": [
            -30,
            4,
            -0.3,
            60,
            32.0088060395186,
            5.190134385473896
        ],
        "r1": [
            -29.867446967866865,
            -0.0979690581216151,
            -2.5950665567749245,
            59.73488492363566,
            32.0088060395186,
            5.190134385473896
        ]
    },
    "plus": [
        "L99S63WH",
        "Метал. полка",
        "595×320 мм",
        "670",
        "белая"
    ],
    "plus1": [
        "L99S63GA",
        "Метал. полка",
        "595×320 мм",
        "670",
        "серая"
    ],
    "priority": 85,
    "resurs": {
        "array": [
            {
                "name": "L99S63WH.png",
                "size": 6199,
                "b": false,
                "i": "icon",
                "i1": "x"
            }
        ]
    },
    "bagY": 0,
    "param": {
        "tOt": false,
        "tNa": false,
        "rO": -1,
        "kesh": false,
        "sG": false,
        "clone": true
    },
    "shadow": {
        "wh": 80,
        "wh2": 128,
        "otKrai": 10,
        "alpha": 0.25
    }
}