{
    "id": 109,
    "title": 109,
    "key": "o_109",
    "bool": [
        0,
        0,
        0,
        0
    ],
    "num": [
        0,
        0,
        0,
        0,
        0,
        0
    ],
    "str": [
        "0",
        "0",
        "0",
        "0",
        "0",
        "0"
    ],
    "orig": "L6175WH.png",
    "mod": {
        "key": "gltf",
        "name": "L6176WH.gltf",
        "r": [
            0.8,
            -0.2,
            -0.05,
            1,
            33.36,
            1.7000052537517654
        ],
        "r1": [
            -0.8007655847033711,
            0.000003814784780154665,
            -0.8500018838969576,
            0.8000087559978699,
            33.35825216656835,
            1.7000052537517654
        ]
    },
    "plus": [
        "L6175WH",
        "Декоративная заглушка",
        "321×17×8 мм",
        "105",
        "белая"
    ],
    "plus1": [
        "L6175GA",
        "Декоративная заглушка",
        "321×17×8 мм",
        "105",
        "серая"
    ],
    "priority": 81,
    "resurs": {
        "array": []
    },
    "bagY": 0,
    "param": {
        "tOt": false,
        "tNa": false,
        "rO": -1,
        "kesh": false,
        "sG": false,
        "clone": true
    }
}