{
    "id": 31,
    "title": 31,
    "key": "o_31",
    "bool": [
        0,
        0,
        0,
        0
    ],
    "num": [
        0,
        0,
        0,
        24,
        0,
        0
    ],
    "str": [
        "BPieceObject",
        "0",
        "34",
        "33",
        "0",
        "0"
    ],
    "orig": "korz-trn_180.png",
    "mod": {
        "key": "gltf",
        "name": "L9540WH.gltf",
        "r": [
            -30,
            4,
            -11.42,
            60,
            42.39999580383301,
            18.03148651123049
        ],
        "r1": [
            -30,
            -0.0000019073486378354206,
            -9.015743255615257,
            60,
            42.39999580383301,
            18.03148651123049
        ]
    },
    "plus": [
        "L9540WH",
        "Корзина на трении",
        "590×424×180 мм",
        "700",
        "белая"
    ],
    "plus1": [
        "L9540GA",
        "Корзина на трении",
        "590×424×180 мм",
        "700",
        "серая"
    ],
    "priority": 84,
    "resurs": {
        "array": [
            {
                "name": "L9540WH.png",
                "size": 14035,
                "b": false,
                "i": "icon",
                "i1": "x"
            }
        ]
    },
    "bagY": 0,
    "param": {
        "tOt": false,
        "tNa": false,
        "rO": -1,
        "kesh": false,
        "sG": false,
        "clone": true
    },
    "shadow": {
        "wh": 79,
        "wh2": 128,
        "otKrai": 10,
        "alpha": 0.25
    }
}