{
    "id": 19,
    "title": 19,
    "key": "o_19",
    "bool": [
        0,
        0,
        0,
        0
    ],
    "num": [
        45,
        56,
        0,
        0,
        "0",
        "0"
    ],
    "str": [
        "паро",
        "str",
        "0",
        "0",
        "0",
        "0"
    ],
    "orig": "ldsp_stell.png",
    "mod": {
        "key": "gltf",
        "name": "LWOWWS.gltf",
        "r": [
            -21.749998695,
            0,
            -2.8,
            43.49999739,
            56.49999661,
            1.599999904000032
        ],
        "r1": [
            -21.749998695,
            -4.532430846172517e-16,
            -0.7999999520000319,
            43.49999739,
            56.49999661,
            1.599999904000032
        ]
    },
    "plus": [
        "LWWHWS(N)",
        "ЛДСП полка",
        "565×435×16 мм",
        "500",
        "белая"
    ],
    "plus1": [
        "LWOWWS(N)",
        "ЛДСП полка",
        "565×435×16 мм",
        "500",
        "дуб венге"
    ],
    "priority": 80,
    "resurs": {
        "array": [
            {
                "name": "LWWH406-(N).png",
                "size": 5386,
                "b": false,
                "i": "icon",
                "i1": "x"
            }
        ]
    },
    "bagY": 0,
    "param": {
        "tOt": false,
        "tNa": false,
        "rO": -1,
        "kesh": false,
        "sG": false,
        "clone": true
    },
    "shadow": {
        "wh": 63,
        "wh2": 64,
        "otKrai": 10,
        "alpha": 0.25
    }
}