{
    "id": 56,
    "title": 56,
    "key": "o_56",
    "bool": [
        0,
        0,
        0,
        0
    ],
    "num": [
        0,
        0,
        0,
        0,
        "0",
        "0"
    ],
    "str": [
        "BPieceObject",
        "0",
        "32",
        "32",
        "0",
        "0"
    ],
    "orig": "ob_1-600.png",
    "mod": {
        "key": "gltf",
        "name": "L9438WH.gltf",
        "r": [
            -30,
            4,
            -3.948819114267145,
            60,
            30.599997210325647,
            7.897637847064567
        ],
        "r1": [
            -30.149998190999998,
            9.5367434825308e-7,
            -3.948819114267145,
            60.29999943375763,
            30.599997210325647,
            7.897637847064567
        ]
    },
    "plus": [
        "L9438WH",
        "Полка для обуви",
        "603×306×80 мм",
        "550",
        "белая"
    ],
    "plus1": [
        "L9438GA",
        "Полка для обуви",
        "603×306×80 мм",
        "550",
        "серая"
    ],
    "priority": 84,
    "resurs": {
        "array": [
            {
                "name": "L9438WH.png",
                "size": 8880,
                "b": false,
                "i": "icon",
                "i1": "x"
            }
        ]
    },
    "bagY": 0,
    "param": {
        "tOt": false,
        "tNa": false,
        "rO": -1,
        "kesh": false,
        "sG": false,
        "clone": true
    },
    "shadow": {
        "wh": 80,
        "wh2": 128,
        "otKrai": 10,
        "alpha": 0.25
    }
}