{
    "id": 11,
    "title": 11,
    "key": "o_11",
    "bool": [
        0,
        0,
        0,
        0
    ],
    "num": [
        0,
        0,
        0,
        0
    ],
    "str": [
        "0",
        "0",
        "0",
        "0",
        "0",
        "0"
    ],
    "orig": "Screenshot_12.png",
    "mod": {
        "key": "gltf",
        "name": "project.gltf",
        "r": [
            -22.27152295397715,
            -3.1812880299030135e-15,
            -5.615155217138678,
            28.430596783778178,
            16.150113610439945,
            13.522904593269057
        ],
        "r1": [
            -22.27152295397715,
            -3.1812880299030135e-15,
            -5.615155217138678,
            28.430596783778178,
            16.150113610439945,
            13.522904593269057
        ]
    },
    "plus": [
        "данные",
        "данные",
        "данные",
        "1000",
        "1000"
    ],
    "plus1": [
        "данные",
        "данные",
        "данные",
        "1000",
        "xz"
    ],
    "priority": 0,
    "param": {
        "tOt": false,
        "tNa": false,
        "rO": -1,
        "kesh": false,
        "sG": false,
        "clone": true
    },
    "bagY": 0,
    "resurs": {
        "array": []
    }
}