{
    "id": 86,
    "title": 86,
    "key": "o_86",
    "bool": [
        0,
        0,
        1,
        0
    ],
    "num": [
        0,
        0,
        0,
        55,
        0,
        0
    ],
    "str": [
        "BPieceObject",
        "0",
        "23",
        "23",
        "0",
        "0"
    ],
    "orig": "korz_melk_600х185.png",
    "mod": {
        "key": "gltf",
        "name": "testsetka4.gltf",
        "r": [
            -30,
            4,
            -8.1,
            60,
            40.996228230099774,
            17.550469019231873
        ],
        "r1": [
            -25.371741446095307,
            -0.1686195899786253,
            -8.775235731222294,
            50.74349195128765,
            40.996228230099774,
            17.550469019231873
        ]
    },
    "plus": [
        "L9560WH(N)",
        "Мелкосет. корзина",
        "555×410×185 мм",
        "1150",
        "белая"
    ],
    "plus1": [
        "L9560GA(N)",
        "Мелкосет. корзина",
        "555×410×185 мм",
        "1150",
        "серая"
    ],
    "priority": 84,
    "resurs": {
        "array": [
            {
                "name": "L9560WH-(N).png",
                "size": 14375,
                "b": false,
                "i": "icon",
                "i1": "x"
            }
        ]
    },
    "bagY": 0.09999999999999998,
    "param": {
        "tOt": false,
        "tNa": false,
        "rO": -1,
        "kesh": false,
        "sG": false,
        "clone": true
    },
    "shadow": {
        "wh": 76,
        "wh2": 128,
        "otKrai": 10,
        "alpha": 0.25
    }
}