{
    "id": 57,
    "title": 57,
    "key": "o_57",
    "bool": [
        0,
        0,
        0,
        0
    ],
    "num": [
        0,
        0,
        0,
        0,
        "0",
        "0"
    ],
    "str": [
        "BPieceObject",
        "0",
        "32",
        "32",
        "0",
        "0"
    ],
    "orig": "polka-korz_600х300.png",
    "mod": {
        "key": "gltf",
        "name": "L9547_mWH.gltf",
        "r": [
            -30,
            4,
            -5.896739987382119,
            60,
            30.60000358092604,
            11.793479974764214
        ],
        "r1": [
            -30.09698628197782,
            -0.000002192410214873517,
            -5.896739987382119,
            60.193970935653944,
            30.60000358092604,
            11.793479974764214
        ]
    },
    "plus": [
        "L9547WH",
        "Полка-корзина",
        "604×306×118 мм",
        "650",
        "белая"
    ],
    "plus1": [
        "L9547GA",
        "Полка-корзина",
        "603×306×118 мм",
        "650",
        "серая"
    ],
    "priority": 85,
    "resurs": {
        "array": [
            {
                "name": "L9547WH.png",
                "size": 10734,
                "b": false,
                "i": "icon",
                "i1": "x"
            }
        ]
    },
    "bagY": 0,
    "param": {
        "tOt": false,
        "tNa": false,
        "rO": -1,
        "kesh": false,
        "sG": false,
        "clone": true
    },
    "shadow": {
        "wh": 80,
        "wh2": 128,
        "otKrai": 10,
        "alpha": 0.25
    }
}