{
    "id": 100,
    "title": 100,
    "key": "o_100",
    "bool": [
        0,
        0,
        0,
        0
    ],
    "num": [
        0,
        0,
        0,
        0,
        "0",
        "0"
    ],
    "str": [
        "BTVstavka",
        "0",
        "0",
        "0",
        "1",
        "2"
    ],
    "orig": "korz-stell_melk-185.png",
    "mod": {
        "key": "gltf",
        "name": "L9560WH_vert.gltf",
        "r": [
            -19.477984471261024,
            -0.12388515884300882,
            -8.775221814139366,
            38.95597080932102,
            52.489829698436,
            17.55044960886978
        ],
        "r1": [
            -19.477984471261024,
            -0.12388515884300882,
            -8.775221814139366,
            38.95597080932102,
            52.489829698436,
            17.55044960886978
        ]
    },
    "plus": [
        "L9560WH(N)",
        "Мелкосет. корзина",
        "555×410×185 мм",
        "1150",
        "белая"
    ],
    "plus1": [
        "L9560GA(N)",
        "Мелкосет. корзина",
        "555×410×185 мм",
        "1150",
        "серая"
    ],
    "priority": 80,
    "resurs": {
        "array": [
            {
                "name": "L9559WH.png",
                "size": 14702,
                "b": false,
                "i": "icon",
                "i1": "x"
            }
        ]
    },
    "bagY": 0,
    "param": {
        "tOt": false,
        "tNa": false,
        "rO": -1,
        "kesh": false,
        "sG": false,
        "clone": true
    },
    "shadow": {
        "wh": 61,
        "wh2": 64,
        "otKrai": 10,
        "alpha": 0.25
    }
}