{
    "id": 54,
    "title": 54,
    "key": "o_54",
    "bool": [
        0,
        0,
        1,
        0
    ],
    "num": [
        0,
        0,
        0,
        0,
        0,
        0
    ],
    "str": [
        "BPieceObject",
        "0",
        "23",
        "23",
        "0",
        "0"
    ],
    "orig": "bruchnitsa.png",
    "mod": {
        "key": "gltf",
        "name": "L9602WH.gltf",
        "r": [
            -30,
            4,
            -0.9,
            60,
            42.600024704172185,
            2.400005793578931
        ],
        "r1": [
            -29.951377820780987,
            -0.000022828107063332936,
            -1.200002908706609,
            59.902763843530934,
            42.600024704172185,
            2.400005793578931
        ]
    },
    "plus": [
        "L9602WH",
        "Брючница",
        "597×425 мм",
        "1800",
        "белая"
    ],
    "plus1": [
        "L9602GA",
        "Брючница",
        "597×425 мм",
        "1800",
        "серая"
    ],
    "priority": 85,
    "resurs": {
        "array": [
            {
                "name": "L9602WH.png",
                "size": 10782,
                "b": false,
                "i": "icon",
                "i1": "x"
            }
        ]
    },
    "bagY": -1.5,
    "param": {
        "tOt": false,
        "tNa": false,
        "rO": -1,
        "kesh": false,
        "sG": false,
        "clone": true
    },
    "shadow": {
        "wh": 80,
        "wh2": 128,
        "otKrai": 10,
        "alpha": 0.25
    }
}