{
    "id": 55,
    "title": 55,
    "key": "o_55",
    "bool": [
        0,
        0,
        0,
        0
    ],
    "num": [
        0,
        0,
        0,
        0,
        0,
        0
    ],
    "str": [
        "BPieceObject",
        "0",
        "23",
        "23",
        "0",
        "0"
    ],
    "orig": "Image1589.jpg",
    "mod": {
        "key": "gltf",
        "name": "L9601WHgggggg.gltf",
        "r": [
            -30,
            -0.7,
            -0.9,
            60,
            42.600024610426715,
            2.3000566986231474
        ],
        "r1": [
            -29.95138281123481,
            -0.000023041709319215897,
            -1.1500139115036125,
            59.90276384348384,
            42.600024610426715,
            2.3000566986231474
        ]
    },
    "plus": [
        "L9601WH",
        "Выдвижная рама",
        "597×425 мм",
        "1550",
        "белая"
    ],
    "plus1": [
        "L9601GA",
        "Выдвижная рама",
        "597×425 мм",
        "1550",
        "серая"
    ],
    "priority": 85,
    "resurs": {
        "array": [
            {
                "name": "L9601WH.png",
                "size": 6533,
                "b": false,
                "i": "icon",
                "i1": "x"
            }
        ]
    },
    "bagY": 44.17,
    "param": {
        "tOt": false,
        "tNa": false,
        "rO": -1,
        "kesh": false,
        "sG": false,
        "clone": true
    },
    "shadow": {
        "wh": 80,
        "wh2": 128,
        "otKrai": 10,
        "alpha": 0.25
    }
}