{
    "id": 96,
    "title": 96,
    "key": "o_96",
    "bool": [
        0,
        0,
        0,
        0
    ],
    "num": [
        0,
        0,
        0,
        0,
        "0",
        "0"
    ],
    "str": [
        "0",
        "0",
        "0",
        "0",
        "0",
        "0"
    ],
    "orig": "erf.png",
    "mod": {
        "key": "gltf",
        "name": "pipka.gltf",
        "r": [
            -0.7497586676064729,
            0.000015816587676471447,
            -1.2939678240947907,
            1.4995165766737202,
            2.5485774186325756,
            2.587935426160831
        ],
        "r1": [
            -0.7497586676064729,
            0.000015816587676471447,
            -1.2939678240947907,
            1.4995165766737202,
            2.5485774186325756,
            2.587935426160831
        ]
    },
    "plus": [
        "L9703",
        "Соединитель для перекладины",
        "38×27×27 мм",
        "75",
        "черный"
    ],
    "plus1": [
        "L9703",
        "Соединитель для перекладины",
        "38×27×27 мм",
        "75",
        "черный"
    ],
    "priority": 80,
    "resurs": {
        "array": []
    },
    "bagY": 0
}