{
    "id": 37,
    "title": 37,
    "key": "o_37",
    "bool": [
        0,
        0,
        0,
        0
    ],
    "num": [
        0,
        0,
        0,
        0,
        "0",
        "0"
    ],
    "str": [
        "36,38,96,32",
        "84,83,82,81",
        "0",
        "0",
        "0",
        "0"
    ],
    "orig": "truba.jpg",
    "mod": {
        "key": "gltf",
        "name": "L62R25CH64.gltf",
        "r": [
            -32.88660021878379,
            8,
            24,
            65.77319945474106,
            2.457055996900018,
            2.494925443238526
        ],
        "r1": [
            -32.88660021878379,
            0.0000038070312984263404,
            -1.2474622413298595,
            65.77319945474106,
            2.457055996900018,
            2.494925443238526
        ]
    },
    "plus": [
        "L62R25CH64",
        "Перекладина для гардеробной системы",
        "640 мм",
        "119",
        "хром"
    ],
    "plus1": [
        "L62R25CH64",
        "Перекладина ",
        "640 мм",
        "119",
        "хром"
    ],
    "priority": 82,
    "resurs": {
        "array": []
    },
    "bagY": 0,
    "param": {
        "tOt": false,
        "tNa": false,
        "rO": -1,
        "kesh": false,
        "sG": false,
        "clone": true
    }
}