{
    "id": 24,
    "title": 24,
    "key": "o_24",
    "bool": [
        0,
        0,
        0,
        0
    ],
    "num": [
        31,
        32,
        0,
        0,
        "0",
        "0"
    ],
    "str": [
        "BPieceObject",
        "37",
        "23",
        "23",
        "-1.5,7.9,4,5.8,3.23,1,0.5,|243|1",
        "{|type|:|polka1|,|id|:246,|kol|:1}"
    ],
    "orig": "set-polk_600х400.png",
    "mod": {
        "key": "gltf",
        "name": "L9964WH.gltf",
        "r": [
            -30,
            4,
            -0.25,
            60,
            40.619647096467475,
            1.5033284523205261
        ],
        "r1": [
            -30,
            -0.0000016043559268799688,
            -0.7516631934124123,
            60,
            40.619647096467475,
            1.5033284523205261
        ]
    },
    "plus": [
        "L9964WH",
        "Сеточная полка",
        "603×406 мм",
        "550",
        "белая"
    ],
    "plus1": [
        "L9964GA",
        "Сеточная полка",
        "603×406 мм",
        "550",
        "серая"
    ],
    "priority": 85,
    "resurs": {
        "array": [
            {
                "name": "L9964WH.png",
                "size": 9896,
                "b": false,
                "i": "icon",
                "i1": "x"
            }
        ]
    },
    "bagY": 0,
    "param": {
        "tOt": false,
        "tNa": false,
        "rO": -1,
        "kesh": false,
        "sG": false,
        "clone": true
    },
    "shadow": {
        "wh": 80,
        "wh2": 128,
        "otKrai": 10,
        "alpha": 0.25
    }
}