{
    "id": 51,
    "title": 51,
    "key": "o_51",
    "bool": [
        0,
        0,
        0,
        0
    ],
    "num": [
        0,
        0,
        0,
        0,
        "0",
        "0"
    ],
    "str": [
        "BPieceObject",
        "0",
        "23",
        "23",
        "-1.5,7.9,4,5.8,3.23,1,0.5,|65|",
        "0"
    ],
    "orig": "polka-korz_600х400.png",
    "mod": {
        "key": "gltf",
        "name": "L9549WH_m.gltf",
        "r": [
            -30,
            4,
            -5.98,
            60,
            40.60656228879828,
            11.16735266142393
        ],
        "r1": [
            -30.154734350589557,
            0.0000018121537311842572,
            -5.581643217650605,
            60.31088456314822,
            40.60656228879828,
            11.16735266142393
        ]
    },
    "plus": [
        "L9549WH",
        "Полка-корзина",
        "604×406×118 мм",
        "820",
        "белая"
    ],
    "plus1": [
        "L9549GA",
        "Полка-корзина",
        "604×406×118 мм",
        "820",
        "серая"
    ],
    "priority": 85,
    "resurs": {
        "array": [
            {
                "name": "L9549WH.png",
                "size": 10402,
                "b": false,
                "i": "icon",
                "i1": "x"
            }
        ]
    },
    "bagY": 0,
    "param": {
        "tOt": false,
        "tNa": false,
        "rO": -1,
        "kesh": false,
        "sG": false,
        "clone": true
    },
    "shadow": {
        "wh": 80,
        "wh2": 128,
        "otKrai": 10,
        "alpha": 0.25
    }
}