{
    "id": 16,
    "title": 16,
    "key": "o_16",
    "bool": [
        0,
        0,
        0,
        0
    ],
    "num": [
        0,
        0,
        456,
        0,
        0,
        0
    ],
    "str": [
        "BWindow",
        "0",
        "0",
        "0",
        "0",
        "0"
    ],
    "orig": "okno.png",
    "mod": {
        "key": "gltf",
        "name": "winj.gltf",
        "r": [
            0,
            -8.364631114831752,
            -100.0000002660624,
            100,
            14.73120893235745,
            100.00000530049591
        ],
        "r1": [
            0,
            -8.364631114831752,
            -100.0000002660624,
            100,
            14.73120893235745,
            100.00000530049591
        ]
    },
    "plus": [
        "N",
        "ОКНО",
        "N",
        "N",
        "N"
    ],
    "plus1": [
        "N",
        "N",
        "N",
        "N",
        "N"
    ],
    "priority": 0,
    "resurs": {
        "array": []
    },
    "bagY": 0
}