{
    "id": 108,
    "title": 108,
    "key": "o_108",
    "bool": [
        0,
        0,
        0,
        0
    ],
    "num": [
        0,
        0,
        0,
        0,
        0,
        0
    ],
    "str": [
        "0",
        "0",
        "0",
        "0",
        "0",
        "0"
    ],
    "orig": "L6176WH.png",
    "mod": {
        "key": "gltf",
        "name": "L6175WH.gltf",
        "r": [
            0.0007652043960679116,
            0.0000037230670131734915,
            -0.15,
            0.8000078385526124,
            40.95821372944795,
            1.7000052888551156
        ],
        "r1": [
            0.0007652043960679116,
            0.0000037230670131734915,
            -0.8500021745821577,
            0.8000078385526124,
            40.95821372944795,
            1.7000052888551156
        ]
    },
    "plus": [
        "L6176WH",
        "Декоративная заглушка",
        "421×17×8 мм",
        "115",
        "белая"
    ],
    "plus1": [
        "L6176GA",
        "Декоративная заглушка",
        "421×17×8 мм",
        "115",
        "серая"
    ],
    "priority": 81,
    "resurs": {
        "array": []
    },
    "bagY": 0,
    "param": {
        "tOt": false,
        "tNa": false,
        "rO": -1,
        "kesh": false,
        "sG": false,
        "clone": true
    }
}