{
    "id": 39,
    "title": 39,
    "key": "o_39",
    "bool": [
        0,
        0,
        0,
        1
    ],
    "num": [
        0,
        0,
        0,
        0,
        0,
        0
    ],
    "str": [
        "BPieceObject",
        "0",
        "0",
        "0",
        "-28.20,1.3125,44,4.15,3.23,4,1.9,|71,70,69,68,67,66|",
        "0"
    ],
    "orig": "perf_600.png",
    "mod": {
        "key": "gltf",
        "name": "L99G64WH.gltf",
        "r": [
            -30,
            1.5,
            -6.5,
            60,
            1.867776636447963,
            15.648842018896872
        ],
        "r1": [
            -29.707511361297154,
            -0.000001907348074031223,
            -7.82442057827858,
            59.41502487785686,
            1.867776636447963,
            15.648842018896872
        ]
    },
    "plus": [
        "L99G64WH",
        "Перфопанель",
        "585×155 мм",
        "500",
        "белая"
    ],
    "plus1": [
        "L99G64GA",
        "Перфопанель",
        "585×155 мм",
        "500",
        "серая"
    ],
    "priority": 85,
    "resurs": {
        "array": [
            {
                "name": "L99G64WH.png",
                "size": 10448,
                "b": false,
                "i": "icon",
                "i1": "x"
            }
        ]
    },
    "bagY": 0,
    "param": {
        "tOt": false,
        "tNa": false,
        "rO": -1,
        "kesh": false,
        "sG": false,
        "clone": true
    },
    "shadow": {
        "wh": 79,
        "wh2": 128,
        "otKrai": 10,
        "alpha": 0.25
    }
}