{
    "id": 45,
    "title": 45,
    "key": "o_45",
    "bool": [
        0,
        0,
        0,
        0
    ],
    "num": [
        0,
        0,
        0,
        0,
        "0",
        "0"
    ],
    "str": [
        "0",
        "0",
        "0",
        "0",
        "0",
        "0"
    ],
    "orig": "xz.png",
    "mod": {
        "key": "gltf",
        "name": "kirpich.gltf",
        "r": [
            -0.9756145477294922,
            4.4329480078381905e-15,
            -7.824406623840333,
            1.9512290954589844,
            0.8130246400833041,
            15.648813247680664
        ],
        "r1": [
            -0.9756145477294922,
            4.4329480078381905e-15,
            -7.824406623840333,
            1.9512290954589844,
            0.8130246400833041,
            15.648813247680664
        ]
    },
    "plus": [
        "N",
        "данные",
        "данные",
        "1000",
        "N"
    ],
    "plus1": [
        "данные",
        "данные",
        "данные",
        "1000",
        "xz"
    ],
    "priority": 0,
    "bagY": 0,
    "resurs": {
        "array": []
    },
    "param": {
        "tOt": false,
        "tNa": false,
        "rO": -1,
        "kesh": false,
        "sG": false,
        "clone": true
    }
}