{
    "id": 35,
    "title": 35,
    "key": "o_35",
    "bool": [
        0,
        0,
        0,
        0
    ],
    "num": [
        0,
        0,
        0,
        0,
        "0",
        "0"
    ],
    "str": [
        "BPieceObject",
        "37",
        "23",
        "23",
        "-1.5,7.9,9,5.8,3.23,1,0.5,|243|1",
        "{|type|:|polka1|,|id|:246,|kol|:2}"
    ],
    "orig": "set-polk_1200х400.png",
    "mod": {
        "key": "gltf",
        "name": "L99124WH.gltf",
        "r": [
            -60,
            4,
            -0.2,
            120,
            40.59999908500612,
            1.4000020187159001
        ],
        "r1": [
            -60,
            -0.00000458179575158121,
            -0.7000116984196937,
            120,
            40.59999908500612,
            1.4000020187159001
        ]
    },
    "plus": [
        "L99124WH",
        "Сеточная полка ",
        "1203×406 мм",
        "1050",
        "белая"
    ],
    "plus1": [
        "L99124GA",
        "Сеточная полка ",
        "1203×406 мм",
        "1050",
        "серая"
    ],
    "priority": 85,
    "resurs": {
        "array": [
            {
                "name": "L99124WH.png",
                "size": 7299,
                "b": false,
                "i": "icon",
                "i1": "x"
            }
        ]
    },
    "bagY": 0,
    "param": {
        "tOt": false,
        "tNa": false,
        "rO": -1,
        "kesh": false,
        "sG": false,
        "clone": true
    },
    "shadow": {
        "wh": 140,
        "wh2": 256,
        "otKrai": 10,
        "alpha": 0.25
    }
}