{
    "id": 17,
    "title": 17,
    "key": "o_17",
    "bool": [
        0,
        0,
        0,
        0
    ],
    "num": [
        0,
        0,
        0,
        0,
        "0",
        "0"
    ],
    "str": [
        "r",
        "0",
        "0",
        "0",
        "0",
        "0"
    ],
    "orig": "0.png",
    "mod": {
        "key": "fbx",
        "name": "test.FBX",
        "r": [
            -150,
            -5.615155220031739,
            -16.150112638932843,
            300,
            13.522905442516926,
            16.150112638932843
        ],
        "r1": [
            -22.271523576862368,
            -5.615155220031739,
            -16.150112638932843,
            28.430597406513247,
            13.522905442516926,
            16.150112638932843
        ]
    },
    "plus": [
        "данные",
        "данные",
        "данные",
        "1000",
        "1000"
    ],
    "plus1": [
        "данные",
        "данные",
        "данные",
        "1000",
        "xz"
    ],
    "priority": 0,
    "bagY": 0,
    "resurs": {
        "array": []
    },
    "param": {
        "tOt": false,
        "tNa": false,
        "rO": -1,
        "kesh": false,
        "sG": false,
        "clone": true
    }
}