{
    "id": 177,
    "title": 177,
    "key": "o_177",
    "bool": [
        0,
        0,
        0,
        0
    ],
    "num": [
        0,
        0,
        0,
        0,
        0,
        0
    ],
    "str": [
        "0",
        "0",
        "0",
        "0",
        "0",
        "0"
    ],
    "orig": "L9603-400.png",
    "mod": {
        "key": "gltf",
        "name": "teleskopik.gltf",
        "r": [
            1.19,
            -1.64,
            3.75,
            3.494835262416805,
            37.7749977335,
            1.9316990647010956
        ],
        "r1": [
            -1.7448349859471015,
            -3.592805758769393e-16,
            -0.9658495323505587,
            3.494835262416805,
            37.7749977335,
            1.9316990647010956
        ]
    },
    "plus": [
        "данные",
        "данные",
        "данные",
        "1000",
        "xz"
    ],
    "plus1": [
        "данные",
        "данные",
        "данные",
        "1000",
        "xz"
    ],
    "priority": 0,
    "bagY": 0,
    "resurs": {
        "array": []
    },
    "param": {
        "tOt": false,
        "tNa": false,
        "rO": -1,
        "kesh": false,
        "sG": false,
        "clone": true
    }
}