{
    "id": 44,
    "title": 44,
    "key": "o_44",
    "bool": [
        0,
        0,
        0,
        0
    ],
    "num": [
        0,
        0,
        0,
        0,
        "0",
        "0"
    ],
    "str": [
        "BPieceObject",
        "37",
        "23",
        "23",
        "-1.5,7.9,6,5.8,3.23,1,0.5,|243|1",
        "{|type|:|polka1|,|id|:246,|kol|:1}"
    ],
    "orig": "set-polk_900х400.png",
    "mod": {
        "key": "gltf",
        "name": "L9994WH.gltf",
        "r": [
            -45,
            4,
            -0.25,
            90,
            40.62078242829599,
            1.4845223495897497
        ],
        "r1": [
            -45.14919519946764,
            0.000007629391472223727,
            -0.7422609916196724,
            90.29839158151552,
            40.62078242829599,
            1.4845223495897497
        ]
    },
    "plus": [
        "L9994WH",
        "Сеточная полка ",
        "903×406 мм",
        "730",
        "белая"
    ],
    "plus1": [
        "L9994GA",
        "Сеточная полка ",
        "903×406 мм",
        "730",
        "серая"
    ],
    "priority": 85,
    "resurs": {
        "array": [
            {
                "name": "L9994WH.png",
                "size": 8989,
                "b": false,
                "i": "icon",
                "i1": "x"
            }
        ]
    },
    "bagY": 0,
    "param": {
        "tOt": false,
        "tNa": false,
        "rO": -1,
        "kesh": false,
        "sG": false,
        "clone": true
    },
    "shadow": {
        "wh": 110,
        "wh2": 128,
        "otKrai": 10,
        "alpha": 0.25
    }
}