{
    "id": 53,
    "title": 53,
    "key": "o_53",
    "bool": [
        0,
        0,
        1,
        0
    ],
    "num": [
        0,
        0,
        0,
        0,
        0,
        0
    ],
    "str": [
        "BPieceObject",
        "0",
        "23",
        "23",
        "0",
        "0"
    ],
    "orig": "st_600х400.png",
    "mod": {
        "key": "glb",
        "name": "stalnaya.glb",
        "r": [
            -30,
            4,
            -0.1,
            60,
            41.32482777536924,
            5.190132803694759
        ],
        "r1": [
            -29.867440990936373,
            -0.0000019073487992599655,
            -2.595065981643603,
            59.734881935170236,
            41.32482777536924,
            5.190132803694759
        ]
    },
    "plus": [
        "L99S64WH",
        "Метал. полка",
        "595×420 мм",
        "770",
        "белая"
    ],
    "plus1": [
        "L99S64GA",
        "Метал. полка",
        "595×420 мм",
        "770",
        "серая"
    ],
    "priority": 85,
    "resurs": {
        "array": [
            {
                "name": "L99S64WH.png",
                "size": 6157,
                "b": false,
                "i": "icon",
                "i1": "x"
            }
        ]
    },
    "bagY": 0,
    "param": {
        "tOt": false,
        "tNa": false,
        "rO": -1,
        "kesh": false,
        "sG": false,
        "clone": true
    },
    "shadow": {
        "wh": 80,
        "wh2": 128,
        "otKrai": 10,
        "alpha": 0.25
    }
}